entry_time,exit_time,direction,entry,exit,sl,target,exit_reason,pnl_r,pnl_dollars,equity_after
1753443000,1753452900,long,116677.5,115412.265,115412.265,119207.97,SL,-1.0,-100.0,9900.0
1753454700,1753470900,short,115092.5,116642.29199999999,116642.29199999999,111992.91600000003,SL,-1.0,-99.0,9801.0
1753471200,1753584600,long,116639.0,118347.8425,115784.57875,118347.8425,Target,2.0,196.02,9997.02
1753585200,1753606800,long,118315.0,117932.00450000001,117932.00450000001,119080.99099999998,SL,-1.0,-99.97,9897.05
1753607100,1753612800,short,117953.5,118244.0925,118244.0925,117372.315,SL,-1.0,-98.97,9798.08
1753613700,1753632000,long,118241.5,118705.41824999999,117777.58175000001,119169.33649999998,SL,1.0,97.98,9896.06
1753632300,1753712400,long,118984.0,118098.921,118098.921,120754.158,SL,-1.0,-98.96,9797.1
1753713000,1753775100,short,118061.5,119139.54,119139.54,115905.42000000001,SL,-1.0,-97.97,9699.13
1753775700,1753783200,long,118971.5,118657.64150000001,118657.64150000001,119599.21699999998,SL,-1.0,-96.99,9602.14
1753783800,1753800600,short,118531.0,117970.48400000001,119091.51599999999,117409.96800000002,SL,1.0,96.02,9698.16
1753801200,1753904400,short,117794.0,116525.99875000001,119062.00124999999,115257.99750000003,SL,1.0,96.98,9795.14
1753913100,1753922400,long,117290.5,118191.39849999998,116840.05075000001,118191.39849999998,Target,2.0,195.9,9991.04
1753922700,1753989000,long,118312.5,117333.80375,117333.80375,120269.89249999999,SL,-1.0,-99.91,9891.13
1753989600,1754009400,short,117168.5,114988.30050000001,118258.59975,114988.30050000001,Target,2.0,197.82,10088.96
1754009700,1754094300,short,114969.0,113561.34075,116376.65925,112153.6815,SL,1.0,100.89,10189.84
1754095800,1754150100,long,113698.0,112806.06875,112806.06875,115481.86249999999,SL,-1.0,-101.9,10087.95
1754150700,1754162100,short,112863.0,112272.80175000001,113453.19824999999,111682.60350000003,SL,1.0,100.88,10188.83
1754171700,1754181300,long,113020.0,111964.48975000001,111964.48975000001,115131.02049999998,SL,-1.0,-101.89,10086.94
1754181600,1754182800,short,112303.0,112977.96075,112977.96075,110953.0785,SL,-1.0,-100.87,9986.07
1754183100,1754269200,long,112851.5,114936.36499999999,111809.0675,114936.36499999999,Target,2.0,199.72,10185.79
1754269500,1754335800,long,114775.5,114775.5,114007.46775000001,116311.56449999998,SL,0.0,0.0,10185.79
1754336400,1754381700,short,114767.0,114193.3585,115340.6415,113619.717,SL,1.0,101.86,10287.65
1754383200,1754397300,long,114294.5,114294.5,113605.16900000001,115673.16199999998,SL,0.0,0.0,10287.65
1754397900,1754425200,short,113839.5,113839.5,115003.473,111511.554,SL,0.0,0.0,10287.65
1754425500,1754492100,long,113805.0,114460.60299999999,113149.39700000001,115116.20599999998,SL,1.0,102.88,10390.52
1754492700,1754633100,long,114940.5,116406.7655,113474.2345,117873.03099999999,SL,1.0,103.91,10494.43
1754633400,1754637300,short,116354.5,116856.89924999999,116856.89924999999,115349.70150000002,SL,-1.0,-104.94,10389.48
1754637900,1754650200,long,116745.0,116295.32325,116295.32325,117644.3535,SL,-1.0,-103.89,10285.59
1754650500,1754651400,short,116491.0,116753.84775,116753.84775,115965.3045,SL,-1.0,-102.86,10182.73
1754651700,1754665800,long,116731.0,116218.86150000001,116218.86150000001,117755.27699999997,SL,-1.0,-101.83,10080.91
1754666100,1754730600,short,116305.0,117301.6215,117301.6215,114311.75700000001,SL,-1.0,-100.81,9980.1
1754730900,1754752800,long,117386.0,116652.64450000001,116652.64450000001,118852.71099999998,SL,-1.0,-99.8,9880.3
1754762100,1754772000,short,116615.5,116931.4365,116931.4365,115983.62700000001,SL,-1.0,-98.8,9781.49
1754772300,1754774700,long,116893.0,116410.76550000001,116410.76550000001,117857.46899999998,SL,-1.0,-97.81,9683.68
1754775300,1754793300,short,116507.5,117061.5015,117061.5015,115399.497,SL,-1.0,-96.84,9586.84
1754793600,1754795100,long,116991.0,117526.257,116455.743,118061.514,SL,1.0,95.87,9682.71
1754795400,1754877600,long,117882.0,120734.514,116455.743,120734.514,Target,2.0,193.65,9876.36
1754877900,1754941800,long,120685.5,118902.01925000001,118902.01925000001,124252.46149999998,SL,-1.0,-98.76,9777.6
1754942100,1755012600,short,118738.0,119926.43324999999,119926.43324999999,116361.13350000003,SL,-1.0,-97.78,9679.82
1755013200,1755093300,long,119741.0,122088.62649999998,118567.18675000001,122088.62649999998,Target,2.0,193.6,9873.42
1755093600,1755132600,long,121789.0,123560.03899999999,120017.96100000001,125331.07799999998,SL,1.0,98.73,9972.16
1755137100,1755152400,short,123536.5,121367.94150000002,124620.77924999999,121367.94150000002,Target,2.0,199.44,10171.6
1755152700,1755174600,short,121478.5,119544.3245,123412.6755,117610.149,SL,1.0,101.72,10273.31
1755175200,1755537900,short,118961.5,116597.36750000001,121325.63249999999,114233.23500000002,SL,1.0,102.73,10376.05
1755538500,1755563400,long,116735.0,115672.63475000001,115672.63475000001,118859.73049999998,SL,-1.0,-103.76,10272.29
1755565500,1755573600,long,116676.5,115419.26150000001,115419.26150000001,119190.97699999998,SL,-1.0,-102.72,10169.56
1755574200,1755579300,short,115333.5,115333.5,116083.51275,113833.47450000001,SL,0.0,0.0,10169.56
1755588300,1755594300,short,114668.5,115350.14624999999,115350.14624999999,113305.20750000002,SL,-1.0,-101.7,10067.87
1755595800,1755612900,long,115396.5,114678.63200000001,114678.63200000001,116832.23599999998,SL,-1.0,-100.68,9967.19
1755613200,1755658200,short,114609.0,113307.57375000001,115910.42624999999,112006.14750000002,SL,1.0,99.67,10066.86
1755658800,1755698700,long,113398.5,112452.7455,112452.7455,115290.00899999999,SL,-1.0,-100.67,9966.19
1755699300,1755702300,short,112666.0,113898.42074999999,113898.42074999999,110201.15850000002,SL,-1.0,-99.66,9866.53
1755703500,1755795600,long,114165.5,112256.34375,112256.34375,117983.8125,SL,-1.0,-98.67,9767.87
1755795900,1755828900,short,112312.5,113206.575,113206.575,110524.35,SL,-1.0,-97.68,9670.19
1755829200,1755861900,long,113246.0,112227.85800000001,112227.85800000001,115282.28399999999,SL,-1.0,-96.7,9573.49
1755863100,1755871200,short,112210.5,113156.54999999999,113156.54999999999,110318.40000000002,SL,-1.0,-95.73,9477.75
1755871800,1756064100,long,114751.0,111580.68175,111580.68175,121091.6365,SL,-1.0,-94.78,9382.97
1756064400,1756193400,short,112664.0,110344.03675,114983.96325,108024.0735,SL,1.0,93.83,9476.8
1756194000,1756207800,long,110311.0,109666.63925000001,109666.63925000001,111599.72149999999,SL,-1.0,-94.77,9382.04
1756208400,1756211700,short,109679.0,110433.68925,110433.68925,108169.62150000001,SL,-1.0,-93.82,9288.21
1756212300,1756215900,long,110490.0,109491.227,109491.227,112487.546,SL,-1.0,-92.88,9195.33
1756216500,1756233600,short,109847.5,110848.39649999999,110848.39649999999,107845.70700000002,SL,-1.0,-91.95,9103.38
1756233900,1756278900,long,110853.5,110853.5,109503.72075000001,113553.05849999998,SL,0.0,0.0,9103.38
1756279500,1756302000,short,110772.0,111498.7215,111498.7215,109318.557,SL,-1.0,-91.03,9012.35
1756302600,1756305900,long,111684.0,111684.0,110913.51550000001,113224.96899999998,SL,0.0,0.0,9012.35
1756313700,1756326000,long,112107.5,111411.26650000001,111411.26650000001,113499.96699999998,SL,-1.0,-90.12,8922.22
1756328700,1756451400,long,112266.0,110815.06475,110815.06475,115167.87049999999,SL,-1.0,-89.22,8833.0
1756452000,1756470600,short,110401.5,110401.5,111428.6865,108347.12700000001,SL,0.0,0.0,8833.0
1756471200,1756474500,long,110643.5,109732.10650000001,109732.10650000001,112466.28699999998,SL,-1.0,-88.33,8744.67
1756475100,1756713600,short,109680.5,109680.5,111552.24824999999,105937.00350000002,SL,0.0,0.0,8744.67
1756713900,1756762200,long,109654.0,107702.122,107702.122,113557.756,SL,-1.0,-87.45,8657.22
1756762500,1756770300,short,107727.5,109290.61799999999,109290.61799999999,104601.26400000002,SL,-1.0,-86.57,8570.65
1756770600,1756828200,long,109146.5,110799.27375,107493.72625,112452.04749999999,SL,1.0,85.71,8656.36
1756828800,1756902900,short,110800.5,111799.37174999999,111799.37174999999,108802.75650000002,SL,-1.0,-86.56,8569.79
1756903800,1756910100,short,111124.0,111895.41975,111895.41975,109581.1605,SL,-1.0,-85.7,8484.1
1756910700,1756961700,long,112453.0,110922.01125000001,110922.01125000001,115514.97749999998,SL,-1.0,-84.84,8399.25
1756962000,1757008800,short,110882.5,110018.65475,111746.34525,109154.8095,SL,1.0,83.99,8483.25
1757009400,1757026500,long,110059.5,110848.16274999999,109270.83725000001,111636.82549999998,SL,1.0,84.83,8568.08
1757027100,1757081700,long,111588.0,111588.0,110220.86200000001,114322.27599999998,SL,0.0,0.0,8568.08
1757082300,1757507400,short,111135.5,113412.678,113412.678,106581.144,SL,-1.0,-85.68,8482.4
1757508000,1757568300,long,112993.0,113924.55875,112061.44125,114856.1175,SL,1.0,84.82,8567.22
1757568600,1757593800,short,114075.5,113681.79400000001,114469.20599999999,113288.08800000002,SL,1.0,85.67,8652.9
1757594400,1757598900,short,113873.0,114518.23049999999,114518.23049999999,112582.53900000002,SL,-1.0,-86.53,8566.37
1757599500,1757642100,long,114330.0,115346.685,113313.315,116363.37,SL,1.0,85.66,8652.03
1757642700,1757701800,short,115481.0,116349.1455,116349.1455,113744.709,SL,-1.0,-86.52,8565.51
1757702100,1757781600,long,116393.0,115202.86975000001,115202.86975000001,118773.26049999997,SL,-1.0,-85.66,8479.85
1757782200,1757805600,short,115225.0,115955.44875,115955.44875,113764.10250000001,SL,-1.0,-84.8,8395.06
1757805900,1757812800,long,115941.5,115711.61525,115711.61525,116401.2695,SL,-1.0,-83.95,8311.11
1757816100,1757819100,long,116080.5,115636.65275000001,115636.65275000001,116968.19449999998,SL,-1.0,-83.11,8227.99
1757819700,1757880600,short,115672.0,115672.0,116146.044,114723.91200000001,SL,0.0,0.0,8227.99
1757881200,1757892900,long,115721.0,115227.35750000001,115227.35750000001,116708.28499999997,SL,-1.0,-82.28,8145.71
1757893200,1757910000,short,115248.0,116108.025,116108.025,113527.95000000001,SL,-1.0,-81.46,8064.26
1757910300,1757921400,long,115902.5,115902.5,115218.86175000001,117269.77649999998,SL,0.0,0.0,8064.26
1757922000,1757946300,short,115838.5,114879.6305,116797.3695,113920.761,SL,1.0,80.64,8144.9
1757955000,1758002100,long,114821.0,115875.351,114293.8245,115875.351,Target,2.0,162.9,8307.8
1758002700,1758030600,long,115875.0,114820.561,114820.561,117983.878,SL,-1.0,-83.08,8224.72
1758030900,1758038100,short,114917.0,115580.7615,115580.7615,113589.47700000001,SL,-1.0,-82.25,8142.47
1758038400,1758116700,long,115890.0,115890.0,114722.61,118224.78,SL,0.0,0.0,8142.47
1758119400,1758135900,short,115622.5,115622.5,116358.15,114151.20000000001,SL,0.0,0.0,8142.47
1758140100,1758293100,long,115997.5,115997.5,114614.664,118763.17199999999,SL,0.0,0.0,8142.47
1758293700,1758354300,short,115890.5,115890.5,116518.23,114635.04000000001,SL,0.0,0.0,8142.47
1758354600,1758414600,long,115898.5,115524.70875,115524.70875,116646.08249999999,SL,-1.0,-81.42,8061.05
1758414900,1758441600,short,115513.5,115787.86499999999,115787.86499999999,114964.77000000002,SL,-1.0,-80.61,7980.44
1758441900,1758446100,long,115726.0,115510.216,115510.216,116157.568,SL,-1.0,-79.8,7900.63
1758446700,1758501000,short,115449.5,115051.10500000001,115847.89499999999,114652.71000000002,SL,1.0,79.01,7979.64
1758501600,1758520800,short,114724.0,113010.47700000001,115580.7615,113010.47700000001,Target,2.0,159.59,8139.23
1758521100,1759075500,short,112451.5,110313.23375,114589.76625,108174.9675,SL,1.0,81.39,8220.62
1759075800,1759097100,long,110172.5,111488.06949999998,109514.71525000001,111488.06949999998,Target,2.0,164.41,8385.04
1759097700,1759153200,long,111441.5,112389.2745,110493.7255,113337.049,SL,1.0,83.85,8468.89
1759153800,1759308600,long,113299.5,116300.35499999998,111799.07250000001,116300.35499999998,Target,2.0,169.38,8638.27
1759308900,1759412700,long,116057.0,119720.2825,114225.35875,119720.2825,Target,2.0,172.77,8811.03
1759413000,1759416600,long,119550.0,118642.14925,118642.14925,121365.7015,SL,-1.0,-88.11,8722.92
1759417800,1759420200,short,119007.5,119819.37975,119819.37975,117383.74050000001,SL,-1.0,-87.23,8635.69
1759420800,1759507200,long,119887.5,122837.97149999999,118412.26425000001,122837.97149999999,Target,2.0,172.71,8808.4
1759507500,1759658400,long,122723.0,122723.0,119771.58425,128625.8315,SL,0.0,0.0,8808.4
1759659000,1759757100,short,122660.0,124903.92074999999,124903.92074999999,118172.15850000002,SL,-1.0,-88.08,8720.32
1759759500,1759777200,long,124968.5,125783.60775,124153.39225,126598.71549999999,SL,1.0,87.2,8807.52
1759777500,1759785300,long,125789.5,124930.5035,124930.5035,127507.49299999999,SL,-1.0,-88.08,8719.45
1759785900,1759826400,short,124738.0,123776.68175,125699.31825,122815.3635,SL,1.0,87.19,8806.64
1759828800,1759844400,long,123976.5,123976.5,123211.86325000001,125505.77349999998,SL,0.0,0.0,8806.64
1759844700,1759854000,short,123747.0,120893.88900000002,125173.55549999999,120893.88900000002,Target,2.0,176.13,8982.78
1759854600,1759920000,short,121102.0,123033.48599999999,123033.48599999999,117239.02800000002,SL,-1.0,-89.83,8892.95
1759920300,1759930500,long,122938.0,122242.84800000001,122242.84800000001,124328.30399999997,SL,-1.0,-88.93,8804.02
1759931100,1759932000,short,121857.5,123081.51,123081.51,119409.48000000001,SL,-1.0,-88.04,8715.98
1759932600,1759956900,long,122828.0,122828.0,121562.1885,125359.62299999999,SL,0.0,0.0,8715.98
1759957500,1759977600,short,123039.0,121588.29750000002,123764.35124999999,121588.29750000002,Target,2.0,174.32,8890.3
1759977900,1760011500,short,121649.0,123000.96974999999,123000.96974999999,118945.06050000002,SL,-1.0,-88.9,8801.4
1760011800,1760019600,long,122980.0,121541.69875000001,121541.69875000001,125856.60249999998,SL,-1.0,-88.01,8713.38
1760020200,1760121900,short,121634.5,117309.76500000001,123796.8675,117309.76500000001,Target,2.0,174.27,8887.65
1760123100,1760129400,short,117261.0,116249.39325000001,118272.60674999999,115237.78650000002,SL,1.0,88.88,8976.53
1760130000,1760130600,short,114221.5,111232.42400000001,117210.57599999999,108243.34800000003,SL,1.0,89.77,9066.29
1760131200,1764179100,short,103472.5,89734.42400000001,117210.57599999999,75996.34800000003,SL,1.0,90.66,9156.95
1764179400,1764547200,long,89734.0,89734.0,86880.03825,95441.9235,SL,0.0,0.0,9156.95
1764547500,1764556500,short,89756.0,86557.6905,91355.15475,86557.6905,Target,2.0,183.14,9340.09
1764557100,1764578700,short,86786.0,86786.0,87766.8615,84824.277,SL,0.0,0.0,9340.09
1764579000,1764590700,long,86765.0,85971.99250000001,85971.99250000001,88351.01499999998,SL,-1.0,-93.4,9246.69
1764591300,1764594000,short,85852.0,85852.0,86711.83425,84132.3315,SL,0.0,0.0,9246.69
1764598200,1764603000,long,86224.0,84671.64300000001,84671.64300000001,89328.71399999998,SL,-1.0,-92.47,9154.22
1764603300,1764626700,short,84386.5,86677.317,86677.317,79804.86600000001,SL,-1.0,-91.54,9062.68
1764627000,1764687600,long,86748.5,90048.641,85098.4295,90048.641,Target,2.0,181.25,9243.94
1764688200,1764945600,long,90031.5,90031.5,87232.86175000001,95628.77649999998,SL,0.0,0.0,9243.94
1764945900,1764947100,short,90205.0,91375.16475,91375.16475,87864.67050000001,SL,-1.0,-92.44,9151.5
1764947400,1764950700,long,90891.5,89833.56075,89833.56075,93007.37849999999,SL,-1.0,-91.51,9059.98
1764951300,1765131300,short,89332.0,91500.7275,91500.7275,84994.54500000001,SL,-1.0,-90.6,8969.38
1765131900,1765145100,long,91504.0,89256.84925,89256.84925,95998.3015,SL,-1.0,-89.69,8879.69
1765145700,1765157700,short,89345.0,91528.74149999999,91528.74149999999,84977.51700000002,SL,-1.0,-88.8,8790.89
1765158000,1765207500,long,91596.5,89769.59275000001,89769.59275000001,95250.31449999998,SL,-1.0,-87.91,8702.98
1765207800,1765294800,short,89932.0,91807.881,91807.881,86180.23800000001,SL,-1.0,-87.03,8615.95
1765295100,1765327500,long,92036.5,92036.5,89916.51925000001,96276.46149999998,SL,0.0,0.0,8615.95
1765328100,1765360800,short,92272.0,92987.97075,92987.97075,90840.05850000001,SL,-1.0,-86.16,8529.79
1765361400,1765362600,long,92946.5,92343.80500000001,92343.80500000001,94151.88999999998,SL,-1.0,-85.3,8444.5
1765363200,1765397100,short,92327.5,93278.11575,93278.11575,90426.2685,SL,-1.0,-84.44,8360.05
1765397700,1765413000,long,94226.0,91579.68725,91579.68725,99518.6255,SL,-1.0,-83.6,8276.45
1765413600,1765427700,short,91370.5,90088.697,92652.303,88806.894,SL,1.0,82.76,8359.21
1765428300,1765464900,long,90064.0,89310.32250000001,89310.32250000001,91571.35499999998,SL,-1.0,-83.59,8275.62
1765465200,1765466400,short,89516.5,90503.72924999999,90503.72924999999,87542.04150000002,SL,-1.0,-82.76,8192.87
1765467000,1765487100,long,90211.5,92268.72749999998,89182.88625000001,92268.72749999998,Target,2.0,163.86,8356.72
1765487400,1765553400,long,92221.0,90663.6455,90663.6455,95335.709,SL,-1.0,-83.57,8273.16
1765553700,1765816500,short,90610.0,86458.36050000001,92685.81975,86458.36050000001,Target,2.0,165.46,8438.62
1765816800,1765983000,short,86325.5,88901.4285,88901.4285,81173.64300000001,SL,-1.0,-84.39,8354.23
1765983600,1765988100,long,89635.0,86734.611,86734.611,95435.77799999999,SL,-1.0,-83.54,8270.69
1765988400,1766406600,short,86640.0,90418.1865,90418.1865,79083.62700000001,SL,-1.0,-82.71,8187.98
1766406900,1766414100,long,90214.0,89571.19200000001,89571.19200000001,91499.61599999998,SL,-1.0,-81.88,8106.1
1766423700,1766436300,short,89257.5,88372.45125,90142.54875,87487.4025,SL,1.0,81.06,8187.16
1766439900,1766459100,long,88518.0,87837.0595,87837.0595,89879.881,SL,-1.0,-81.87,8105.29
1766459400,1766502900,short,88015.5,87255.6345,88775.3655,86495.769,SL,1.0,81.05,8186.35
1766506200,1766586900,long,87746.5,86503.22675,86503.22675,90233.0465,SL,-1.0,-81.86,8104.48
1766587500,1766593800,short,86959.5,87504.73049999999,87504.73049999999,85869.03900000002,SL,-1.0,-81.04,8023.44
1766594400,1766702700,long,87379.0,87379.0,86505.22575,89126.5485,SL,0.0,0.0,8023.44
1766703000,1766715900,short,87379.0,87998.47725,87998.47725,86140.04550000001,SL,-1.0,-80.23,7943.2
1766716500,1766761800,long,89076.0,86856.55,86856.55,93514.9,SL,-1.0,-79.43,7863.77
1766762400,1766973900,short,86894.0,89081.51849999999,89081.51849999999,82518.96300000002,SL,-1.0,-78.64,7785.13
1766974200,1767000600,long,89023.5,89023.5,87743.10650000001,91584.28699999998,SL,0.0,0.0,7785.13
1767000900,1767013200,short,88674.0,87503.1,89844.9,86332.20000000001,SL,1.0,77.85,7862.99
1767018900,1767041100,long,87940.5,87089.93325,87089.93325,89641.6335,SL,-1.0,-78.63,7784.36
1767041400,1767081600,short,87125.5,87684.8205,87684.8205,86006.859,SL,-1.0,-77.84,7706.51
1767082200,1767106200,long,87753.5,88711.818,87274.341,88711.818,Target,2.0,154.13,7860.64
1767106800,1767195000,long,88839.5,87753.60125,87753.60125,91011.29749999999,SL,-1.0,-78.61,7782.04
1767195600,1767345000,short,88017.5,89244.59999999999,89244.59999999999,85563.30000000002,SL,-1.0,-77.82,7704.22
1767345600,1767348300,long,89109.0,89473.89425,88744.10575,89838.7885,SL,1.0,77.04,7781.26
1767348900,1767363300,long,89808.5,88944.00575000001,88944.00575000001,91537.48849999998,SL,-1.0,-77.81,7703.44
1767363600,1767365100,short,88810.5,89709.33224999999,89709.33224999999,87012.83550000002,SL,-1.0,-77.03,7626.41
1767365700,1767551700,long,89681.0,90965.72025,88396.27975,92250.4405,SL,1.0,76.26,7702.67
1767554100,1767567600,short,90980.0,91459.20675,91459.20675,90021.5865,SL,-1.0,-77.03,7625.65
1767568200,1767571200,long,91398.5,91727.05774999999,91069.94225000001,92055.61549999999,SL,1.0,76.26,7701.9
1767571800,1767575100,long,91704.0,92901.15099999998,91105.42450000001,92901.15099999998,Target,2.0,154.04,7855.94
1767575400,1767716700,long,92883.0,92883.0,91193.3805,96262.239,SL,0.0,0.0,7855.94
1767717000,1767733800,short,92815.5,92815.5,94370.1615,89706.177,SL,0.0,0.0,7855.94
1767734400,1767777600,long,93690.0,91964.9945,91964.9945,97140.011,SL,-1.0,-78.56,7777.38
1767777900,1767855600,short,91917.5,89784.5625,92983.96875,89784.5625,Target,2.0,155.55,7932.93
1767855900,1767891900,short,89855.0,91186.07024999999,91186.07024999999,87192.85950000002,SL,-1.0,-79.33,7853.6
1767892200,1767948300,long,91118.5,90181.88650000001,90181.88650000001,92991.72699999998,SL,-1.0,-78.54,7775.07
1767948600,1767972300,short,89870.5,91159.05674999999,91159.05674999999,87293.38650000002,SL,-1.0,-77.75,7697.31
1767972600,1768342200,long,91650.5,95425.30799999999,89763.096,95425.30799999999,Target,2.0,153.95,7851.26
1768342500,1768488300,long,95600.0,95600.0,93976.98800000001,98846.02399999998,SL,0.0,0.0,7851.26
1768488600,1768779900,short,95992.5,93660.39000000001,97158.555,93660.39000000001,Target,2.0,157.03,8008.29
1768780200,1768920300,short,93804.5,90318.0,95547.75,90318.0,Target,2.0,160.17,8168.45
1768920900,1768948200,short,90437.0,89473.82275,91400.17725,88510.64550000001,SL,1.0,81.68,8250.14
1768948800,1768973700,short,88539.0,89853.90449999999,89853.90449999999,85909.19100000002,SL,-1.0,-82.5,8167.63
1768974000,1768980900,long,89814.5,89267.34400000001,89267.34400000001,90908.81199999998,SL,-1.0,-81.68,8085.96
1768981200,1769004300,short,89173.0,89173.0,90055.50525,87407.9895,SL,0.0,0.0,8085.96
1769004900,1769013600,long,89549.5,88194.8805,88194.8805,92258.739,SL,-1.0,-80.86,8005.1
1769013900,1769189100,short,88128.0,90585.26999999999,90585.26999999999,83213.46000000002,SL,-1.0,-80.05,7925.05
1769189700,1769263200,long,90808.5,89175.88975,89175.88975,94073.7205,SL,-1.0,-79.25,7845.8
1769263500,1769312700,short,89338.0,88809.4425,89602.27875,88809.4425,Target,2.0,156.92,8002.71
1769320200,1769322000,short,88936.5,88762.467,89110.533,88588.43400000001,SL,1.0,80.03,8082.74
1769330700,1769348700,short,88288.5,88872.91425,88872.91425,87119.6715,SL,-1.0,-80.83,8001.91
1769349300,1769356200,long,88920.5,88383.28625,88383.28625,89994.92749999999,SL,-1.0,-80.02,7921.89
1769356500,1769364600,short,88366.5,87786.04875,88946.95125,87205.5975,SL,1.0,79.22,8001.11
1769365200,1769366400,short,87673.5,87173.43525000001,88173.56474999999,86673.37050000002,SL,1.0,80.01,8081.12
1769367000,1769389500,short,87245.0,87245.0,88122.03899999999,85490.92200000002,SL,0.0,0.0,8081.12
1769390100,1769441400,long,87248.0,88302.61825,86193.38175,89357.2365,SL,1.0,80.81,8161.94
1769451900,1769506200,long,87925.0,87925.0,86951.5025,89871.995,SL,0.0,0.0,8161.94
1769506800,1769523300,short,88005.5,88419.1875,88419.1875,87178.125,SL,-1.0,-81.62,8080.32
1769523600,1769524800,long,88217.0,87719.61825,87719.61825,89211.7635,SL,-1.0,-80.8,7999.51
1769525400,1769529900,short,87814.0,88472.21399999999,88472.21399999999,86497.57200000001,SL,-1.0,-80.0,7919.52
1769530500,1769535300,long,88414.5,87494.73075,87494.73075,90254.0385,SL,-1.0,-79.2,7840.32
1769536200,1769544900,short,87376.0,88842.89925,88842.89925,84442.2015,SL,-1.0,-78.4,7761.92
1769545200,1769634000,long,88855.0,88855.0,87665.1455,91234.709,SL,0.0,0.0,7761.92
1769634600,1769656200,short,89023.5,88120.05900000001,89926.94099999999,87216.61800000002,SL,1.0,77.62,7839.54
1769662800,1769680800,long,88279.0,87827.56425000001,87827.56425000001,89181.87149999998,SL,-1.0,-78.4,7761.14
1769681400,1769698800,short,87893.5,86656.032,88512.234,86656.032,Target,2.0,155.22,7916.37
1769699100,1769736900,short,86510.5,83160.3585,88185.57075,83160.3585,Target,2.0,158.33,8074.69
1769737500,1769884800,short,81996.5,76492.79400000002,84748.35299999999,76492.79400000002,Target,2.0,161.49,8236.19
1769885100,1770145800,short,77526.0,74496.24225000001,80555.75774999999,71466.48450000002,SL,1.0,82.36,8318.55
1770150600,1770225000,long,75620.5,72873.04525000001,72873.04525000001,81115.40949999998,SL,-1.0,-83.19,8235.36
1770226200,1770304800,short,72456.5,67929.8175,74719.84125,67929.8175,Target,2.0,164.71,8400.07
1770305400,1770338100,short,66810.5,62729.07175,70891.92825,58647.643500000006,SL,1.0,84.0,8484.07
1770342900,1770918900,long,65346.0,65346.0,59805.58225000001,76426.83549999999,SL,0.0,0.0,8484.07
1770919500,1770973800,short,65607.0,66805.386,66805.386,63210.228,SL,-1.0,-84.84,8399.23
1770974100,1770993900,long,66659.5,67327.51225,65991.48775,67995.5245,SL,1.0,83.99,8483.22
1770994500,1770997500,long,67656.5,68508.419,66804.581,69360.33799999999,SL,1.0,84.83,8568.06
1771008300,1771073100,long,69233.0,69895.80225,68570.19775,70558.60449999999,SL,1.0,85.68,8653.74
1771074000,1771139700,short,69609.5,70579.272,70579.272,67669.956,SL,-1.0,-86.54,8567.2
1771140300,1771157700,long,70626.0,70121.9215,70121.9215,71634.157,SL,-1.0,-85.67,8481.53
1771160100,1771189200,short,69590.0,68624.74,70555.26,67659.48000000001,SL,1.0,84.82,8566.34
1771189800,1771244700,long,68682.0,69286.55575,68077.44425,69891.1115,SL,1.0,85.66,8652.01
1771245300,1771248900,long,69432.0,68272.34675,68272.34675,71751.3065,SL,-1.0,-86.52,8565.49
1771249500,1771402500,short,68412.0,68412.0,70150.0575,64935.88500000001,SL,0.0,0.0,8565.49
1771403100,1771412700,long,68349.5,67628.16900000001,67628.16900000001,69792.16199999998,SL,-1.0,-85.65,8479.83
1771413300,1771429200,short,67362.5,68290.62825,68290.62825,65506.24350000001,SL,-1.0,-84.8,8395.03
1771429500,1771438800,long,68098.0,66655.15575,66655.15575,70983.68849999999,SL,-1.0,-83.95,8311.08
1771439100,1771465800,short,66805.5,66805.5,67499.23275,65418.03450000001,SL,0.0,0.0,8311.08
1771466400,1771506300,long,66837.5,66275.84550000001,66275.84550000001,67960.80899999998,SL,-1.0,-83.11,8227.97
1771507500,1771521300,short,66140.0,66862.91475,66862.91475,64694.17050000001,SL,-1.0,-82.28,8145.69
1771521600,1771593600,long,66946.5,66946.5,65840.0635,69159.37299999999,SL,0.0,0.0,8145.69
1771594200,1771597800,short,67176.0,67176.0,67736.35124999999,66055.29750000002,SL,0.0,0.0,8145.69
1771600200,1771771200,long,67351.0,67351.0,66386.79000000001,69279.41999999998,SL,0.0,0.0,8145.69
1771771800,1771808400,short,67392.5,66072.4815,68052.50925,66072.4815,Target,2.0,162.91,8308.6
1771808700,1771811100,short,66425.5,65107.145000000004,67743.855,63788.79000000001,SL,1.0,83.09,8391.69
1771811700,1772035800,short,64421.5,67696.33125,67696.33125,57871.837499999994,SL,-1.0,-83.92,8307.77
1772036700,1772062500,long,67974.0,67974.0,66152.907,71616.18599999999,SL,0.0,0.0,8307.77
1772063100,1772259300,short,67676.5,64658.34900000002,69185.57549999999,64658.34900000002,Target,2.0,166.16,8473.93
1772259900,1772260500,short,64927.0,64114.1465,65739.8535,63301.293000000005,SL,1.0,84.74,8558.67
1772260800,1772303700,short,63737.5,65739.8535,65739.8535,59732.793000000005,SL,-1.0,-85.59,8473.08
1772304300,1772312400,long,65642.0,66510.90275,64773.097250000006,67379.80549999999,SL,1.0,84.73,8557.81
1772318400,1772327400,long,67478.0,66302.83200000001,66302.83200000001,69828.33599999998,SL,-1.0,-85.58,8472.23
1772327700,1772329500,short,66277.0,67115.541,67115.541,64599.918000000005,SL,-1.0,-84.72,8387.51
1772330100,1772383500,long,67333.0,65990.48825000001,65990.48825000001,70018.02349999998,SL,-1.0,-83.88,8303.64
1772384100,1772463600,short,66104.5,67259.11275,67259.11275,63795.2745,SL,-1.0,-83.04,8220.6
1772464200,1772637900,long,67704.5,72686.746,65213.377,72686.746,Target,2.0,164.41,8385.01
1772638500,1772724600,long,72800.0,71222.371,71222.371,75955.258,SL,-1.0,-83.85,8301.16
1772724900,1772808900,short,71300.0,68252.2125,72823.89375,68252.2125,Target,2.0,166.02,8467.19
1772809200,1773049200,short,68370.5,68370.5,70363.16399999999,64385.17200000002,SL,0.0,0.0,8467.19
1773055500,1773061800,short,67486.5,68468.21699999999,68468.21699999999,65523.06600000002,SL,-1.0,-84.67,8382.51
1773062400,1773078000,long,68257.0,68257.0,67396.78475,69977.43049999999,SL,0.0,0.0,8382.51
1773078300,1773084300,short,68380.5,69229.59749999999,69229.59749999999,66682.30500000002,SL,-1.0,-83.83,8298.69
1773084600,1773144000,long,69327.5,70482.60325,68172.39675,71637.7065,SL,1.0,82.99,8381.68
1773144600,1773151500,short,70368.0,69788.54400000001,70947.45599999999,69209.08800000002,SL,1.0,83.82,8465.49
1773154800,1773230100,long,71428.0,69196.88425,69196.88425,75890.2315,SL,-1.0,-84.65,8380.84
1773230400,1773232200,short,69150.0,69729.84749999999,69729.84749999999,67990.30500000002,SL,-1.0,-83.81,8297.03
1773235200,1773277200,long,70040.5,70040.5,68905.53,72310.44,SL,0.0,0.0,8297.03
1773277800,1773285600,short,69932.5,69446.30825,70418.69175,68960.1165,SL,1.0,82.97,8380.0
1773293400,1773300600,short,69224.0,69682.32375,69682.32375,68307.35250000001,SL,-1.0,-83.8,8296.2
1773301200,1773306600,long,69656.0,69656.0,69291.83675,70384.3265,SL,0.0,0.0,8296.2
1773309000,1773315900,long,69913.5,70714.04799999998,69513.22600000001,70714.04799999998,Target,2.0,165.92,8462.12
1773316200,1773323100,long,70587.0,69786.58925,69786.58925,72187.82149999999,SL,-1.0,-84.62,8377.5
1773326700,1773357600,short,69557.5,70666.81575,70666.81575,67338.86850000001,SL,-1.0,-83.78,8293.73
1773357900,1773360900,long,70507.0,71621.98449999999,69949.50775,71621.98449999999,Target,2.0,165.87,8459.6
1773361200,1773411900,long,71243.5,73831.48449999999,69949.50775,73831.48449999999,Target,2.0,169.19,8628.79
1773412200,1773414000,long,73708.0,72266.84850000001,72266.84850000001,76590.30299999999,SL,-1.0,-86.29,8542.51
1773414300,1773614400,short,72357.5,72357.5,73910.43675,69251.62650000001,SL,0.0,0.0,8542.51
1773615000,1773632400,long,72467.5,74285.0945,71558.70275,74285.0945,Target,2.0,170.85,8713.36
1773632700,1773713100,long,73754.0,75205.16949999999,72302.83050000001,76656.33899999998,SL,1.0,87.13,8800.49
1773717600,1773757500,short,74966.5,73904.00450000001,76028.99549999999,72841.50900000002,SL,1.0,88.0,8888.49
1773759000,1773833400,long,74199.0,73315.32400000001,73315.32400000001,75966.35199999998,SL,-1.0,-88.88,8799.61
1773833700,1773846000,short,73158.0,70911.756,74281.122,70911.756,Target,2.0,175.99,8975.6
1773846300,1773928200,short,71282.0,69990.23125,72573.76875,68698.4625,SL,1.0,89.76,9065.36
1773928500,1773934800,long,70048.0,69019.473,69019.473,72105.054,SL,-1.0,-90.65,8974.7
1773935400,1773947100,short,69157.0,70172.0685,70172.0685,67126.86300000001,SL,-1.0,-89.75,8884.96
1773947400,1773998100,long,70032.5,70752.17375,69312.82625,71471.8475,SL,1.0,88.85,8973.81
1773999000,1774041300,short,70478.0,70478.0,71382.67349999999,68668.65300000002,SL,0.0,0.0,8973.81
1774041900,1774136700,long,70425.0,69606.1795,69606.1795,72062.641,SL,-1.0,-89.74,8884.07
1774137300,1774263900,short,69042.5,69042.5,70385.175,66357.15,SL,0.0,0.0,8884.07
1774264500,1774600500,long,70939.5,67852.55675,67852.55675,77113.3865,SL,-1.0,-88.84,8795.23
1774601100,1774625700,short,67786.5,66605.5335,68967.4665,65424.56700000001,SL,1.0,87.95,8883.18
1774626000,1774633200,long,66451.0,65656.15550000001,65656.15550000001,68040.68899999998,SL,-1.0,-88.83,8794.35
1774633800,1774655100,short,65624.0,66297.132,66297.132,64277.736000000004,SL,-1.0,-87.94,8706.41
1774655400,1774705200,long,66342.5,66837.44025,65847.55975,67332.3805,SL,1.0,87.06,8793.47
1774705800,1774804800,long,66819.0,66167.8995,66167.8995,68121.201,SL,-1.0,-87.93,8705.53
1774805400,1774815600,short,66236.0,66679.32299999999,66679.32299999999,65349.35400000002,SL,-1.0,-87.06,8618.48
1774816200,1774821900,long,66683.0,66264.85100000001,66264.85100000001,67519.29799999998,SL,-1.0,-86.18,8532.29
1774822200,1774824000,short,66373.5,65938.6125,66808.3875,65503.725000000006,SL,1.0,85.32,8617.62
1774824600,1774829700,short,65005.5,66773.87024999999,66773.87024999999,61468.759500000015,SL,-1.0,-86.18,8531.44
1774830300,1774948200,long,66575.0,66575.0,64914.026750000005,69896.94649999999,SL,0.0,0.0,8531.44
1774949100,1774966500,short,66573.5,67517.742,67517.742,64685.016,SL,-1.0,-85.31,8446.13
1774967100,1774968600,long,67613.5,66590.18825,66590.18825,69660.12349999999,SL,-1.0,-84.46,8361.67
1774969200,1774975200,short,66563.0,67772.8695,67772.8695,64143.261,SL,-1.0,-83.62,8278.05
1774975500,1775091900,long,67742.5,67742.5,66356.80500000001,70513.88999999998,SL,0.0,0.0,8278.05
1775093100,1775138700,short,67498.0,66333.686,68662.314,65169.372,SL,1.0,82.78,8360.83
1775139300,1775183400,long,66363.5,66363.5,65667.64975,67755.2005,SL,0.0,0.0,8360.83
1775184300,1775201100,short,66316.5,66920.4435,66920.4435,65108.61300000001,SL,-1.0,-83.61,8277.22
1775201700,1775428800,long,67049.0,67639.74575,66458.25425,68230.4915,SL,1.0,82.77,8359.99
1775429400,1775437200,long,68136.0,68986.6595,67285.3405,69837.31899999999,SL,1.0,83.6,8443.59
1775440200,1775466600,short,68774.0,69616.791,69616.791,67088.418,SL,-1.0,-84.44,8359.16
1775467200,1775515800,long,69906.5,68895.535,68895.535,71928.43,SL,-1.0,-83.59,8275.57
1775516100,1775583300,short,68915.5,68915.5,69770.868,67204.764,SL,0.0,0.0,8275.57
1775583600,1775595900,long,68690.5,69358.52825,68022.47175,70026.5565,SL,1.0,82.76,8358.32
1775596500,1775609400,long,69956.0,71517.2145,68394.7855,73078.429,SL,1.0,83.58,8441.9
1775616000,1775627400,short,71279.5,71776.37024999999,71776.37024999999,70285.75950000001,SL,-1.0,-84.42,8357.49
1775629500,1775644200,long,71852.5,71464.25,71464.25,72629.0,SL,-1.0,-83.57,8273.91
1775644800,1775652300,short,71519.0,71976.9705,71976.9705,70603.05900000001,SL,-1.0,-82.74,8191.17
1775653500,1775657100,long,72112.0,71339.81225,71339.81225,73656.3755,SL,-1.0,-81.91,8109.26
1775657700,1775772900,short,71479.5,72886.425,72886.425,68665.65,SL,-1.0,-81.09,8028.17
1775773500,1775775000,long,72766.5,72076.94350000001,72076.94350000001,74145.61299999998,SL,-1.0,-80.28,7947.89
1775775900,1775834400,short,71864.0,73172.06775,73172.06775,69247.8645,SL,-1.0,-79.48,7868.41
1775835000,1775957400,long,72747.0,72747.0,71842.56075,74555.87849999999,SL,0.0,0.0,7868.41
1775958000,1776026400,short,72203.0,71266.4485,73139.5515,70329.897,SL,1.0,78.68,7947.09
1776027000,1776031200,long,71213.0,70872.546,70872.546,71893.908,SL,-1.0,-79.47,7867.62
1776031800,1776087900,short,70905.0,71460.7125,71460.7125,69793.57500000001,SL,-1.0,-78.68,7788.94
1776088500,1776108600,long,71448.5,72963.22649999999,70691.13675,72963.22649999999,Target,2.0,155.78,7944.72
1776108900,1776126600,long,73075.0,74179.00349999999,71970.99650000001,75283.00699999998,SL,1.0,79.45,8024.17
1776128400,1776174000,short,74130.0,74913.93824999999,74913.93824999999,72562.12350000002,SL,-1.0,-80.24,7943.93
1776174600,1776178200,long,75083.5,75083.5,74205.8785,76838.74299999999,SL,0.0,0.0,7943.93
1776186300,1776279900,short,74627.5,74627.5,75695.829,72490.842,SL,0.0,0.0,7943.93
1776280200,1776347400,long,74637.5,73842.56025000001,73842.56025000001,76227.37949999998,SL,-1.0,-79.44,7864.49
1776348000,1776365400,short,73762.5,75026.4945,75026.4945,71234.511,SL,-1.0,-78.64,7785.84
1776365700,1776431700,long,74857.5,76888.37899999999,73842.0605,76888.37899999999,Target,2.0,155.72,7941.56
1776432000,1776499800,long,76768.5,76768.5,75282.34000000001,79740.81999999998,SL,0.0,0.0,7941.56
1776500400,1776510000,short,76802.0,76090.881,77157.5595,76090.881,Target,2.0,158.83,8100.39
1776510600,1776604500,short,75932.5,75932.5,76701.83175,74393.8365,SL,0.0,0.0,8100.39
1776605100,1776617700,long,75997.0,75321.82025,75321.82025,77347.35949999999,SL,-1.0,-81.0,8019.39
1776618600,1776669600,short,75087.5,75087.5,76076.51925,73109.4615,SL,0.0,0.0,8019.39
1776669900,1776791700,long,75337.0,75337.0,74024.46925000001,77962.06149999998,SL,0.0,0.0,8019.39
1776792300,1776815100,short,75269.0,76193.0775,76193.0775,73420.845,SL,-1.0,-80.19,7939.19
1776815400,1776864600,long,76319.0,78525.25349999999,75215.87325,78525.25349999999,Target,2.0,158.78,8097.98
1776866700,1776903000,long,78830.0,78030.96500000001,78030.96500000001,80428.06999999998,SL,-1.0,-80.98,8017.0
1776903300,1776949200,short,77839.5,77839.5,78619.29,76279.92000000001,SL,0.0,0.0,8017.0
1776952800,1776954300,short,77487.0,77913.9375,77913.9375,76633.125,SL,-1.0,-80.17,7936.83
1776956400,1776965700,long,78133.0,77306.3275,77306.3275,79786.345,SL,-1.0,-79.37,7857.46
1776966300,1776996000,short,77144.0,78507.234,78507.234,74417.532,SL,-1.0,-78.57,7778.89
1777001400,1777240500,short,77700.0,78564.76275,78564.76275,75970.47450000001,SL,-1.0,-77.79,7701.1
1777240800,1777251300,long,78369.5,78964.40675,77774.59325,79559.31349999999,SL,1.0,77.01,7778.11
1777251600,1777266900,long,79260.0,77956.0025,77956.0025,81867.995,SL,-1.0,-77.78,7700.33
1777267200,1777427400,short,77971.0,76629.3635,79312.6365,75287.72700000001,SL,1.0,77.0,7777.33
1777427700,1777437600,long,76512.5,77338.63749999998,76099.43125000001,77338.63749999998,Target,2.0,155.55,7932.88
1777437900,1777470300,long,77274.5,76406.27775000001,76406.27775000001,79010.94449999998,SL,-1.0,-79.33,7853.55
1777470600,1777485900,short,76574.0,75545.21800000001,77602.78199999999,74516.43600000002,SL,1.0,78.54,7932.08
1777486500,1777509900,short,75140.5,76257.10949999999,76257.10949999999,72907.28100000002,SL,-1.0,-79.32,7852.76
1777510500,1777516500,long,76272.5,75577.69225000001,75577.69225000001,77662.11549999999,SL,-1.0,-78.53,7774.23
1777516800,1777556400,short,75511.5,76468.215,76468.215,73598.07,SL,-1.0,-77.74,7696.49
1777557000,1777605300,long,76420.5,76869.50475,75971.49525,77318.50949999999,SL,1.0,76.96,7773.46
1777605900,1777645800,long,77278.0,78109.2425,76446.7575,78940.48499999999,SL,1.0,77.73,7851.19
1777655400,1777757700,short,78160.0,78727.344,78727.344,77025.312,SL,-1.0,-78.51,7772.68
1777758000,1777770000,long,78858.5,78336.31225,78336.31225,79902.8755,SL,-1.0,-77.73,7694.95
1777770600,1777810200,short,78317.5,78824.3925,78824.3925,77303.715,SL,-1.0,-76.95,7618.0
1777815300,1777839600,short,78632.0,78889.92525,78889.92525,78116.1495,SL,-1.0,-76.18,7541.82
1777840200,1777841100,long,78885.0,78885.0,78600.68000000001,79453.63999999998,SL,0.0,0.0,7541.82
1777845000,1777846200,short,78617.0,79301.13075,79301.13075,77248.7385,SL,-1.0,-75.42,7466.41
1777852500,1777859700,short,78541.0,79465.21274999999,79465.21274999999,76692.57450000002,SL,-1.0,-74.66,7391.74
1777860000,1777890000,long,79755.0,78205.8775,78205.8775,82853.245,SL,-1.0,-73.92,7317.82
1777890300,1777905900,short,78214.5,79934.44725,79934.44725,74774.6055,SL,-1.0,-73.18,7244.65
1777906500,1778161500,long,80415.5,80415.5,78420.27025,84405.9595,SL,0.0,0.0,7244.65
1778161800,1778238000,short,80280.5,80280.5,81196.578,78448.34400000001,SL,0.0,0.0,7244.65
1778244900,1778249700,short,80076.5,80076.5,80492.226,79245.04800000001,SL,0.0,0.0,7244.65
1778250300,1778445000,long,80219.0,80969.754,79468.246,81720.508,SL,1.0,72.45,7317.09
1778445600,1778450400,short,80975.0,80975.0,81491.7255,79941.549,SL,0.0,0.0,7317.09
1778451600,1778460600,long,81315.0,81315.0,80187.38625000001,83570.22749999998,SL,0.0,0.0,7317.09
1778461200,1778606400,short,81430.0,80369.7755,82490.2245,79309.551,SL,1.0,73.17,7390.26
1778607600,1778673600,long,80439.0,80439.0,79761.59925,81793.8015,SL,0.0,0.0,7390.26
1778673900,1778685600,short,80541.0,79289.87400000001,81166.563,79289.87400000001,Target,2.0,147.81,7538.07
1778685900,1778768100,short,79324.5,80143.0515,80143.0515,77687.397,SL,-1.0,-75.38,7462.69
1778768700,1778777700,long,80180.0,81603.508,79468.246,81603.508,Target,2.0,149.25,7611.94
1778778300,1778812200,long,81962.5,80731.11425,80731.11425,84425.2715,SL,-1.0,-76.12,7535.82
1778812800,1778852100,short,80850.0,79325.42850000001,81612.28575,79325.42850000001,Target,2.0,150.72,7686.54
1778852400,1779113700,short,79270.0,76406.33850000001,80701.83075,76406.33850000001,Target,2.0,153.73,7840.27
1779114300,1779290100,short,76706.5,77797.37925,77797.37925,74524.7415,SL,-1.0,-78.4,7761.87
1779290700,1779370500,long,77617.0,76817.07225,76817.07225,79216.8555,SL,-1.0,-77.62,7684.25
1779371100,1779378300,short,76732.0,77368.665,77368.665,75458.67000000001,SL,-1.0,-76.84,7607.41
1779378900,1779383700,long,77122.5,77535.87375,76709.12625,77949.2475,SL,1.0,76.07,7683.48
1779384000,1779459300,long,77724.0,76932.01475,76932.01475,79307.9705,SL,-1.0,-76.83,7606.64
1779459900,1779483000,short,76784.0,76010.74075,77557.25925,75237.4815,SL,1.0,76.07,7682.71
1779488700,1779496200,short,75770.0,75446.47225,76093.52775,75122.94450000001,SL,1.0,76.83,7759.54
1779504900,1779519900,long,75521.5,75279.34150000001,75279.34150000001,76005.81699999998,SL,-1.0,-77.6,7681.94
1779520200,1779522300,short,75311.0,75089.75275,75532.24725,74868.5055,SL,1.0,76.82,7758.76
1779522900,1779548100,short,74482.5,75501.23174999999,75501.23174999999,72445.03650000002,SL,-1.0,-77.59,7681.17
1779548700,1779569100,long,75472.0,76802.84399999998,74806.57800000001,76802.84399999998,Target,2.0,153.62,7834.8
1779569700,1779806400,long,76858.0,76858.0,75700.13100000001,79173.73799999998,SL,0.0,0.0,7834.8
1779810000,1779940500,short,76423.0,73073.94150000002,78097.52924999999,73073.94150000002,Target,2.0,156.7,7991.49
1779940800,1780322100,short,73232.0,72063.31825000001,74400.68174999999,70894.63650000002,SL,1.0,79.91,8071.41
1780327500,1780403400,short,71162.0,69142.8645,72171.56775,69142.8645,Target,2.0,161.43,8232.84
1780404000,1780410300,short,69086.5,67841.826,69708.837,67841.826,Target,2.0,164.66,8397.49
1780410600,1780435500,short,67865.0,67865.0,69271.6185,65051.763000000006,SL,0.0,0.0,8397.49
1780436100,1780440000,long,67877.0,66811.07775,66811.07775,70008.8445,SL,-1.0,-83.97,8313.52
1780440300,1780458600,short,66928.0,65916.54725,67939.45275,64905.09450000001,SL,1.0,83.14,8396.65
1780458900,1780462800,short,65917.0,66953.45999999999,66953.45999999999,63844.080000000016,SL,-1.0,-83.97,8312.69
1780463400,1780516200,long,67057.0,65370.298500000004,65370.298500000004,70430.40299999999,SL,-1.0,-83.13,8229.56
1780516800,1780532400,short,65436.0,63953.856,66177.072,63953.856,Target,2.0,164.59,8394.15
1780533000,1780540200,short,63318.0,63318.0,65172.57,59608.86,SL,0.0,0.0,8394.15
1780541700,1780640400,long,63265.5,61320.3245,61320.3245,67155.851,SL,-1.0,-83.94,8310.21
1780640700,1780692300,short,61424.5,61424.5,63704.8365,56863.827000000005,SL,0.0,0.0,8310.21
1780692600,1781015700,long,61428.5,61428.5,59060.455,66164.59,SL,0.0,0.0,8310.21
1781016300,1781106600,short,61338.5,62756.86274999999,62756.86274999999,58501.774500000014,SL,-1.0,-83.1,8227.11
1781107200,1781112600,long,62611.5,61757.106,61757.106,64320.288,SL,-1.0,-82.27,8144.84
1781112900,1781150100,short,61813.5,62868.91875,62868.91875,59702.662500000006,SL,-1.0,-81.45,8063.39
1781150700,1781201100,long,62614.0,63341.45875,61886.54125,64068.917499999996,SL,1.0,80.63,8144.02
1781210100,1781276100,short,63365.0,63942.9555,63942.9555,62209.08900000001,SL,-1.0,-81.44,8062.58
1781276400,1781474700,long,63977.0,64959.013249999996,62994.986750000004,65941.02649999999,SL,1.0,80.63,8143.21
1781481600,1781530800,long,65708.5,66484.98225,64932.017750000006,67261.46449999999,SL,1.0,81.43,8224.64
1781538300,1781562000,long,66878.0,66238.36425,66238.36425,68157.2715,SL,-1.0,-82.25,8142.39
1781562600,1781599800,short,66138.5,66680.3235,66680.3235,65054.853,SL,-1.0,-81.42,8060.97
1781600400,1781615100,long,66871.0,66245.36075,66245.36075,68122.27849999999,SL,-1.0,-80.61,7980.36
1781615700,1781632800,short,66181.0,66181.0,66827.89725,64887.20550000001,SL,0.0,0.0,7980.36
1781633400,1781636400,long,66076.0,65648.65925,65648.65925,66930.6815,SL,-1.0,-79.8,7900.56
1781637900,1781700300,short,65676.5,65088.8845,66264.1155,64501.269,SL,1.0,79.01,7979.56
1781700600,1781712900,long,64994.5,65980.034,64501.733,65980.034,Target,2.0,159.59,8139.15
1781713500,1781724000,long,65917.0,64701.633,64701.633,68347.734,SL,-1.0,-81.39,8057.76
1781724300,1782091500,short,64607.0,64607.0,66200.58374999999,61419.83250000002,SL,0.0,0.0,8057.76
1782091800,1782194700,long,64623.5,63210.379,63210.379,67449.742,SL,-1.0,-80.58,7977.18
1782195000,1782301500,short,63146.0,63146.0,63992.9805,61452.039000000004,SL,0.0,0.0,7977.18
1782301800,1782306300,long,63076.5,62258.855,62258.855,64711.78999999999,SL,-1.0,-79.77,7897.41
1782306900,1782319800,short,62018.5,59609.308500000014,63223.09574999999,59609.308500000014,Target,2.0,157.95,8055.36
1782320100,1782333900,short,59868.5,61157.5635,61157.5635,57290.37300000001,SL,-1.0,-80.55,7974.81
1782334500,1782395100,long,60974.5,59460.255000000005,59460.255000000005,64002.98999999999,SL,-1.0,-79.75,7895.06
1782395400,1782998100,short,59498.0,61758.863999999994,61758.863999999994,54976.27200000001,SL,-1.0,-78.95,7816.11
1782998400,1783127400,long,61771.0,62466.553,61075.447,63162.106,SL,1.0,78.16,7894.27
1783127700,1783177800,short,62500.0,62965.967249999994,62965.967249999994,61568.06550000001,SL,-1.0,-78.94,7815.33
1783178100,1783189200,long,62810.0,63132.2595,62487.7405,63454.519,SL,1.0,78.15,7893.48
1783200600,1783206000,long,63415.5,63102.433000000005,63102.433000000005,64041.63399999999,SL,-1.0,-78.93,7814.55
1783207200,1783287000,short,63017.0,63017.0,63468.21825,62114.563500000004,SL,0.0,0.0,7814.55
1783288800,1783290900,long,63076.0,63597.293,62554.707,64118.585999999996,SL,1.0,78.15,7892.69
1783293600,1783326900,long,63909.5,62838.06525000001,62838.06525000001,66052.36949999999,SL,-1.0,-78.93,7813.76
1783327500,1783338900,short,62888.5,62888.5,63264.6165,62136.26700000001,SL,0.0,0.0,7813.76
1783339500,1783353000,short,61901.0,63052.01025,63052.01025,59598.9795,SL,-1.0,-78.14,7735.63
1783353600,1783518300,long,63530.0,61668.650250000006,61668.650250000006,67252.69949999999,SL,-1.0,-77.36,7658.27
1783518900,1783559100,short,61664.0,62431.2,62431.2,60129.600000000006,SL,-1.0,-76.58,7581.69
1783559700,1783561500,long,62381.5,61999.984500000006,61999.984500000006,63144.53099999999,SL,-1.0,-75.82,7505.87
1783562400,1783576800,short,61888.0,62655.812249999995,62655.812249999995,60352.37550000001,SL,-1.0,-75.06,7430.81
1783577400,1783601100,long,62499.5,62499.5,61951.009000000005,63596.48199999999,SL,0.0,0.0,7430.81
1783601700,1783605000,short,62625.5,62970.4695,62970.4695,61935.561,SL,-1.0,-74.31,7356.5
1783605600,1783671300,long,63005.5,64209.93449999999,62403.282750000006,64209.93449999999,Target,2.0,147.13,7503.63
1783671900,1783709400,long,64306.0,63745.61125,63745.61125,65426.7775,SL,-1.0,-75.04,7428.6
1783710000,1783719300,short,63797.0,64067.017499999994,64067.017499999994,63256.96500000001,SL,-1.0,-74.29,7354.31
1783719900,1783784100,long,64023.5,64023.5,63598.185000000005,64874.12999999999,SL,0.0,0.0,7354.31
1783784700,1783843500,short,64073.0,64073.0,64516.242,63186.516,SL,0.0,0.0,7354.31
1783843800,1783902900,long,63998.0,63998.0,63577.695250000004,64838.60949999999,SL,0.0,0.0,7354.31
1783908300,1784032200,short,63301.0,63301.0,64450.70925,61001.5815,SL,0.0,0.0,7354.31
1784032800,1784043000,long,63415.5,64931.189,62657.6555,64931.189,Target,2.0,147.09,7501.4
1784043300,1784253000,long,64851.0,63520.723750000005,63520.723750000005,67511.55249999999,SL,-1.0,-75.01,7426.38
1784253600,1784280900,short,63517.5,62953.47525,64081.52475,62389.450500000006,SL,1.0,74.26,7500.65
1784281500,1784295300,long,63040.0,62597.185750000004,62597.185750000004,63925.62849999999,SL,-1.0,-75.01,7425.64
1784295600,1784297100,short,62562.0,63375.672,63375.672,60934.656,SL,-1.0,-74.26,7351.38
1784297700,1784463900,long,63374.0,64266.75625,62481.24375,65159.5125,SL,1.0,73.51,7424.9
1784464500,1784481300,short,64344.5,64716.842249999994,64716.842249999994,63599.81550000001,SL,-1.0,-74.25,7350.65
1784481600,1784484300,long,64638.0,64346.81050000001,64346.81050000001,65220.378999999986,SL,-1.0,-73.51,7277.14
1784491800,1784499300,long,64498.5,64705.162,64291.838,64911.82399999999,SL,1.0,72.77,7349.91
1784499600,1784524200,long,64788.5,64284.8415,64284.8415,65795.817,SL,-1.0,-73.5,7276.42
1784524500,1784547900,short,64222.5,64925.946749999996,64925.946749999996,62815.60650000001,SL,-1.0,-72.76,7203.65
1784548500,1784556900,long,64942.0,64144.9115,64144.9115,66536.177,SL,-1.0,-72.04,7131.61
1784560500,1784642700,long,64956.5,66838.54749999999,64015.47625000001,66838.54749999999,Target,2.0,142.63,7274.25
1784643000,1784655900,long,66795.5,66260.853,66260.853,67864.794,SL,-1.0,-72.74,7201.5
1784656500,1784729100,short,66187.5,66187.5,66763.86525,65034.769499999995,SL,0.0,0.0,7201.5
1784729400,1784790600,long,65978.0,65495.73575000001,65495.73575000001,66942.52849999999,SL,-1.0,-72.02,7129.49
1784791200,1784815800,short,65431.5,65029.0995,65833.9005,64626.69899999999,SL,1.0,71.29,7200.78
1784820000,1784862300,short,64865.0,65238.602999999996,65238.602999999996,64117.79400000001,SL,-1.0,-72.01,7128.78
1784862900,1784881500,long,65300.5,65300.5,64862.552500000005,66176.39499999999,SL,0.0,0.0,7128.78
1784881800,1784898300,short,65369.5,64470.71400000001,65818.893,64470.71400000001,Target,2.0,142.58,7271.35
1784898600,1785103200,short,64383.5,65148.558,65148.558,62853.384000000005,SL,-1.0,-72.71,7198.64
1785103800,1785162600,long,65168.0,64579.19425,64579.19425,66345.6115,SL,-1.0,-71.99,7126.65
1785162900,1785252000,short,64633.0,63536.15150000001,65729.8485,62439.303000000014,SL,1.0,71.27,7197.92
1785252600,1785462300,long,63723.0,64770.3535,62675.6465,65817.707,SL,1.0,71.98,7269.9
1785462900,1785506700,short,64548.0,62782.60200000001,65430.69899999999,62782.60200000001,Target,2.0,145.4,7415.3
1785507000,1785767400,short,62644.5,63845.406749999995,63845.406749999995,60242.68650000001,SL,-1.0,-74.15,7341.14
1785767700,1786459800,long,63727.0,63727.0,62507.730500000005,66165.53899999999,SL,0.0,0.0,7341.14
1786460400,1786537500,short,63752.5,64384.67625,64384.67625,62488.14750000001,SL,-1.0,-73.41,7267.73
1786538100,1786538400,long,64228.5,64024.97150000001,64024.97150000001,64635.556999999986,SL,-1.0,-72.68,7195.05
1786538700,1786580100,short,64075.0,63665.27375,64484.72625,63255.5475,SL,1.0,71.95,7267.0
1786580400,1786612200,long,63630.5,63630.5,63311.828250000006,64267.84349999999,SL,0.0,0.0,7267.0
1786612500,1786631400,short,63596.5,63926.44725,63926.44725,62936.605500000005,SL,-1.0,-72.67,7194.33
1786632000,1786636500,long,63931.0,63508.23,63508.23,64776.53999999999,SL,-1.0,-71.94,7122.39
1786637100,1786647900,short,63443.5,63443.5,64017.49275,62295.514500000005,SL,0.0,0.0,7122.39
1786648500,1786690200,long,63392.5,63054.457,63054.457,64068.585999999996,SL,-1.0,-71.22,7051.17
1786690500,1786721700,short,63004.0,63004.0,63413.691,62184.618,SL,0.0,0.0,7051.17
1786722000,1786980300,long,63000.0,64052.50499999999,62473.747500000005,64052.50499999999,Target,2.0,141.02,7192.19
1786980900,1787063100,long,63974.5,64854.066499999986,63534.71675000001,64854.066499999986,Target,2.0,143.84,7336.03
1787063400,1787152800,long,64968.0,66952.00799999999,63975.99600000001,66952.00799999999,Target,2.0,146.72,7482.75
1787153400,1787276700,long,68300.0,75393.7855,64753.10725,75393.7855,Target,2.0,149.66,7632.41
1787277300,1787302800,long,75352.5,77681.03025,73023.96975,80009.56049999999,SL,1.0,76.32,7708.73
1787303100,1787461800,long,77866.5,75870.046,75870.046,81859.408,SL,-1.0,-77.09,7631.65
1787462100,1787484000,short,75910.5,77098.02975,77098.02975,73535.4405,SL,-1.0,-76.32,7555.33
1787484300,1787572200,long,77291.0,78142.73874999999,76439.26125000001,78994.47749999998,SL,1.0,75.55,7630.88
1787576100,1787651400,long,79140.0,79140.0,77514.72325000001,82390.55349999998,SL,0.0,0.0,7630.88
1787651700,1787711100,short,79072.5,79072.5,80267.61374999999,76682.27250000002,SL,0.0,0.0,7630.88
1787711400,1787737200,long,79193.0,78298.831,78298.831,80981.33799999999,SL,-1.0,-76.31,7554.57
1787737800,1787765100,short,78410.0,78410.0,79135.548,76958.90400000001,SL,0.0,0.0,7554.57
1787765400,1787820000,long,78493.5,79903.32749999998,77788.58625000001,79903.32749999998,Target,2.0,151.09,7705.67
1787820600,1787880900,long,79766.5,80845.36349999999,78687.63650000001,81924.22699999998,SL,1.0,77.06,7782.72
1787883600,1787934000,short,80101.5,77338.0575,81483.22125,77338.0575,Target,2.0,155.65,7938.38
